"parent_id","state_id","province_id","distrito_id","id","country_id","name","code","create_uid","create_date","write_uid","write_date","state_id-2","province_id-2"
NULL,"state_pe_01",NULL,NULL,1146,173,"Amazonas","01",1,"2022-02-03 03:31:07.188614",1,"2022-02-03 03:31:07.188614",NULL,NULL
NULL,"state_pe_02",NULL,NULL,1147,173,"Áncash","02",1,"2022-02-03 03:31:07.188614",1,"2022-02-03 03:31:07.188614",NULL,NULL
NULL,"state_pe_03",NULL,NULL,1148,173,"Apurímac","03",1,"2022-02-03 03:31:07.188614",1,"2022-02-03 03:31:07.188614",NULL,NULL
NULL,"state_pe_04",NULL,NULL,1149,173,"Arequipa","04",1,"2022-02-03 03:31:07.188614",1,"2022-02-03 03:31:07.188614",NULL,NULL
NULL,"state_pe_05",NULL,NULL,1150,173,"Ayacucho","05",1,"2022-02-03 03:31:07.188614",1,"2022-02-03 03:31:07.188614",NULL,NULL
NULL,"state_pe_06",NULL,NULL,1151,173,"Cajamarca","06",1,"2022-02-03 03:31:07.188614",1,"2022-02-03 03:31:07.188614",NULL,NULL
NULL,"state_pe_07",NULL,NULL,1152,173,"Callao","07",1,"2022-02-03 03:31:07.188614",1,"2022-02-03 03:31:07.188614",NULL,NULL
NULL,"state_pe_08",NULL,NULL,1153,173,"Cusco","08",1,"2022-02-03 03:31:07.188614",1,"2022-02-03 03:31:07.188614",NULL,NULL
NULL,"state_pe_09",NULL,NULL,1154,173,"Huancavelica","09",1,"2022-02-03 03:31:07.188614",1,"2022-02-03 03:31:07.188614",NULL,NULL
NULL,"state_pe_10",NULL,NULL,1155,173,"Huánuco","10",1,"2022-02-03 03:31:07.188614",1,"2022-02-03 03:31:07.188614",NULL,NULL
NULL,"state_pe_11",NULL,NULL,1156,173,"Ica","11",1,"2022-02-03 03:31:07.188614",1,"2022-02-03 03:31:07.188614",NULL,NULL
NULL,"state_pe_12",NULL,NULL,1157,173,"Junin","12",1,"2022-02-03 03:31:07.188614",1,"2022-02-03 03:31:07.188614",NULL,NULL
NULL,"state_pe_13",NULL,NULL,1158,173,"La Libertad","13",1,"2022-02-03 03:31:07.188614",1,"2022-02-03 03:31:07.188614",NULL,NULL
NULL,"state_pe_14",NULL,NULL,1159,173,"Lambayeque","14",1,"2022-02-03 03:31:07.188614",1,"2022-02-03 03:31:07.188614",NULL,NULL
NULL,"state_pe_15",NULL,NULL,1160,173,"Lima","15",1,"2022-02-03 03:31:07.188614",1,"2022-02-03 03:31:07.188614",NULL,NULL
NULL,"state_pe_16",NULL,NULL,1161,173,"Loreto","16",1,"2022-02-03 03:31:07.188614",1,"2022-02-03 03:31:07.188614",NULL,NULL
NULL,"state_pe_17",NULL,NULL,1162,173,"Madre de Dios","17",1,"2022-02-03 03:31:07.188614",1,"2022-02-03 03:31:07.188614",NULL,NULL
NULL,"state_pe_18",NULL,NULL,1163,173,"Moquegua","18",1,"2022-02-03 03:31:07.188614",1,"2022-02-03 03:31:07.188614",NULL,NULL
NULL,"state_pe_19",NULL,NULL,1164,173,"Pasco","19",1,"2022-02-03 03:31:07.188614",1,"2022-02-03 03:31:07.188614",NULL,NULL
NULL,"state_pe_20",NULL,NULL,1165,173,"Piura","20",1,"2022-02-03 03:31:07.188614",1,"2022-02-03 03:31:07.188614",NULL,NULL
NULL,"state_pe_21",NULL,NULL,1166,173,"Puno","21",1,"2022-02-03 03:31:07.188614",1,"2022-02-03 03:31:07.188614",NULL,NULL
NULL,"state_pe_22",NULL,NULL,1167,173,"San Martín","22",1,"2022-02-03 03:31:07.188614",1,"2022-02-03 03:31:07.188614",NULL,NULL
NULL,"state_pe_23",NULL,NULL,1168,173,"Tacna","23",1,"2022-02-03 03:31:07.188614",1,"2022-02-03 03:31:07.188614",NULL,NULL
NULL,"state_pe_24",NULL,NULL,1169,173,"Tumbes","24",1,"2022-02-03 03:31:07.188614",1,"2022-02-03 03:31:07.188614",NULL,NULL
NULL,"state_pe_25",NULL,NULL,1170,173,"Ucayali","25",1,"2022-02-03 03:31:07.188614",1,"2022-02-03 03:31:07.188614",NULL,NULL
"state_pe_01","state_pe_01","state_pe_0101",NULL,1384,173,"Chachapoyas","0101",1,"2022-02-03 03:31:54.123794",1,"2022-02-03 03:31:54.123794",1146,NULL
"state_pe_02","state_pe_02","state_pe_0207",NULL,1385,173,"Carlos F. Fitzcarrald","0207",1,"2022-02-03 03:31:54.123794",1,"2022-02-03 03:31:54.123794",1147,NULL
"state_pe_04","state_pe_04","state_pe_0405",NULL,1386,173,"Caylloma","0405",1,"2022-02-03 03:31:54.123794",1,"2022-02-03 03:31:54.123794",1149,NULL
"state_pe_05","state_pe_05","state_pe_0505",NULL,1387,173,"La Mar","0505",1,"2022-02-03 03:31:54.123794",1,"2022-02-03 03:31:54.123794",1150,NULL
"state_pe_02","state_pe_02","state_pe_0215",NULL,1388,173,"Pallasca","0215",1,"2022-02-03 03:31:54.123794",1,"2022-02-03 03:31:54.123794",1147,NULL
"state_pe_20","state_pe_20","state_pe_2005",NULL,1389,173,"Paita","2005",1,"2022-02-03 03:31:54.123794",1,"2022-02-03 03:31:54.123794",1165,NULL
"state_pe_15","state_pe_15","state_pe_1505",NULL,1390,173,"Cañete","1505",1,"2022-02-03 03:31:54.123794",1,"2022-02-03 03:31:54.123794",1160,NULL
"state_pe_24","state_pe_24","state_pe_2402",NULL,1391,173,"Contralmirante Villar","2402",1,"2022-02-03 03:31:54.123794",1,"2022-02-03 03:31:54.123794",1169,NULL
"state_pe_13","state_pe_13","state_pe_1309",NULL,1392,173,"Sanchez Carrion","1309",1,"2022-02-03 03:31:54.123794",1,"2022-02-03 03:31:54.123794",1158,NULL
"state_pe_18","state_pe_18","state_pe_1801",NULL,1393,173,"Mariscal Nieto","1801",1,"2022-02-03 03:31:54.123794",1,"2022-02-03 03:31:54.123794",1163,NULL
"state_pe_21","state_pe_21","state_pe_2106",NULL,1394,173,"Huancane","2106",1,"2022-02-03 03:31:54.123794",1,"2022-02-03 03:31:54.123794",1166,NULL
"state_pe_08","state_pe_08","state_pe_0801",NULL,1395,173,"Cusco","0801",1,"2022-02-03 03:31:54.123794",1,"2022-02-03 03:31:54.123794",1153,NULL
"state_pe_23","state_pe_23","state_pe_2303",NULL,1396,173,"Jorge Basadre","2303",1,"2022-02-03 03:31:54.123794",1,"2022-02-03 03:31:54.123794",1168,NULL
"state_pe_13","state_pe_13","state_pe_1301",NULL,1397,173,"Trujillo","1301",1,"2022-02-03 03:31:54.123794",1,"2022-02-03 03:31:54.123794",1158,NULL
"state_pe_15","state_pe_15","state_pe_1508",NULL,1398,173,"Huaura","1508",1,"2022-02-03 03:31:54.123794",1,"2022-02-03 03:31:54.123794",1160,NULL
"state_pe_08","state_pe_08","state_pe_0806",NULL,1399,173,"Canchis","0806",1,"2022-02-03 03:31:54.123794",1,"2022-02-03 03:31:54.123794",1153,NULL
"state_pe_15","state_pe_15","state_pe_1503",NULL,1400,173,"Cajatambo","1503",1,"2022-02-03 03:31:54.123794",1,"2022-02-03 03:31:54.123794",1160,NULL
"state_pe_01","state_pe_01","state_pe_0103",NULL,1401,173,"Bongara","0103",1,"2022-02-03 03:31:54.123794",1,"2022-02-03 03:31:54.123794",1146,NULL
"state_pe_02","state_pe_02","state_pe_0208",NULL,1402,173,"Casma","0208",1,"2022-02-03 03:31:54.123794",1,"2022-02-03 03:31:54.123794",1147,NULL
"state_pe_17","state_pe_17","state_pe_1703",NULL,1403,173,"Tahuamanu","1703",1,"2022-02-03 03:31:54.123794",1,"2022-02-03 03:31:54.123794",1162,NULL
"state_pe_08","state_pe_08","state_pe_0803",NULL,1404,173,"Anta","0803",1,"2022-02-03 03:31:54.123794",1,"2022-02-03 03:31:54.123794",1153,NULL
"state_pe_14","state_pe_14","state_pe_1401",NULL,1405,173,"Chiclayo","1401",1,"2022-02-03 03:31:54.123794",1,"2022-02-03 03:31:54.123794",1159,NULL
"state_pe_13","state_pe_13","state_pe_1307",NULL,1406,173,"Pacasmayo","1307",1,"2022-02-03 03:31:54.123794",1,"2022-02-03 03:31:54.123794",1158,NULL
"state_pe_02","state_pe_02","state_pe_0203",NULL,1407,173,"Antonio Raymondi","0203",1,"2022-02-03 03:31:54.123794",1,"2022-02-03 03:31:54.123794",1147,NULL
"state_pe_03","state_pe_03","state_pe_0307",NULL,1408,173,"Grau","0307",1,"2022-02-03 03:31:54.123794",1,"2022-02-03 03:31:54.123794",1148,NULL
"state_pe_21","state_pe_21","state_pe_2104",NULL,1409,173,"Chucuito","2104",1,"2022-02-03 03:31:54.123794",1,"2022-02-03 03:31:54.123794",1166,NULL
"state_pe_02","state_pe_02","state_pe_0216",NULL,1410,173,"Pomabamba","0216",1,"2022-02-03 03:31:54.123794",1,"2022-02-03 03:31:54.123794",1147,NULL
"state_pe_22","state_pe_22","state_pe_2206",NULL,1411,173,"Mariscal Caceres","2206",1,"2022-02-03 03:31:54.123794",1,"2022-02-03 03:31:54.123794",1167,NULL
"state_pe_17","state_pe_17","state_pe_1704",NULL,1412,173,"Pto. Maldonado","1704",1,"2022-02-03 03:31:54.123794",1,"2022-02-03 03:31:54.123794",1162,NULL
"state_pe_06","state_pe_06","state_pe_0610",NULL,1413,173,"San Marcos","0610",1,"2022-02-03 03:31:54.123794",1,"2022-02-03 03:31:54.123794",1151,NULL
"state_pe_06","state_pe_06","state_pe_0606",NULL,1414,173,"Cutervo","0606",1,"2022-02-03 03:31:54.123794",1,"2022-02-03 03:31:54.123794",1151,NULL
"state_pe_12","state_pe_12","state_pe_1204",NULL,1415,173,"Jauja","1204",1,"2022-02-03 03:31:54.123794",1,"2022-02-03 03:31:54.123794",1157,NULL
"state_pe_06","state_pe_06","state_pe_0604",NULL,1416,173,"Chota","0604",1,"2022-02-03 03:31:54.123794",1,"2022-02-03 03:31:54.123794",1151,NULL
"state_pe_16","state_pe_16","state_pe_1607",NULL,1417,173,"Datem Del Marañon","1607",1,"2022-02-03 03:31:54.123794",1,"2022-02-03 03:31:54.123794",1161,NULL
"state_pe_10","state_pe_10","state_pe_1005",NULL,1418,173,"Huamalies","1005",1,"2022-02-03 03:31:54.123794",1,"2022-02-03 03:31:54.123794",1155,NULL
"state_pe_21","state_pe_21","state_pe_2113",NULL,1419,173,"Yunguyo","2113",1,"2022-02-03 03:31:54.123794",1,"2022-02-03 03:31:54.123794",1166,NULL
"state_pe_22","state_pe_22","state_pe_2211",NULL,1420,173,"Tarapoto","2211",1,"2022-02-03 03:31:54.123794",1,"2022-02-03 03:31:54.123794",1167,NULL
"state_pe_17","state_pe_17","state_pe_1702",NULL,1421,173,"Manu","1702",1,"2022-02-03 03:31:54.123794",1,"2022-02-03 03:31:54.123794",1162,NULL
"state_pe_01","state_pe_01","state_pe_0102",NULL,1422,173,"Bagua","0102",1,"2022-02-03 03:31:54.123794",1,"2022-02-03 03:31:54.123794",1146,NULL
"state_pe_05","state_pe_05","state_pe_0504",NULL,1423,173,"Huanta","0504",1,"2022-02-03 03:31:54.123794",1,"2022-02-03 03:31:54.123794",1150,NULL
"state_pe_01","state_pe_01","state_pe_0106",NULL,1424,173,"Rodriguez De Mendoza","0106",1,"2022-02-03 03:31:54.123794",1,"2022-02-03 03:31:54.123794",1146,NULL
"state_pe_05","state_pe_05","state_pe_0506",NULL,1425,173,"Lucanas","0506",1,"2022-02-03 03:31:54.123794",1,"2022-02-03 03:31:54.123794",1150,NULL
"state_pe_22","state_pe_22","state_pe_2203",NULL,1426,173,"El Dorado","2203",1,"2022-02-03 03:31:54.123794",1,"2022-02-03 03:31:54.123794",1167,NULL
"state_pe_21","state_pe_21","state_pe_2110",NULL,1427,173,"San Antonio De Putina","2110",1,"2022-02-03 03:31:54.123794",1,"2022-02-03 03:31:54.123794",1166,NULL
"state_pe_19","state_pe_19","state_pe_1901",NULL,1428,173,"Pasco","1901",1,"2022-02-03 03:31:54.123794",1,"2022-02-03 03:31:54.123794",1164,NULL
"state_pe_05","state_pe_05","state_pe_0502",NULL,1429,173,"Cangallo","0502",1,"2022-02-03 03:31:54.123794",1,"2022-02-03 03:31:54.123794",1150,NULL
"state_pe_21","state_pe_21","state_pe_2109",NULL,1430,173,"Moho","2109",1,"2022-02-03 03:31:54.123794",1,"2022-02-03 03:31:54.123794",1166,NULL
"state_pe_16","state_pe_16","state_pe_1602",NULL,1431,173,"Alto Amazonas","1602",1,"2022-02-03 03:31:54.123794",1,"2022-02-03 03:31:54.123794",1161,NULL
"state_pe_05","state_pe_05","state_pe_0510",NULL,1432,173,"Victor Fajardo","0510",1,"2022-02-03 03:31:54.123794",1,"2022-02-03 03:31:54.123794",1150,NULL
"state_pe_05","state_pe_05","state_pe_0509",NULL,1433,173,"Sucre","0509",1,"2022-02-03 03:31:54.123794",1,"2022-02-03 03:31:54.123794",1150,NULL
"state_pe_06","state_pe_06","state_pe_0605",NULL,1434,173,"Contumaza","0605",1,"2022-02-03 03:31:54.123794",1,"2022-02-03 03:31:54.123794",1151,NULL
"state_pe_16","state_pe_16","state_pe_1606",NULL,1435,173,"Ucayali","1606",1,"2022-02-03 03:31:54.123794",1,"2022-02-03 03:31:54.123794",1161,NULL
"state_pe_15","state_pe_15","state_pe_1502",NULL,1436,173,"Barranca","1502",1,"2022-02-03 03:31:54.123794",1,"2022-02-03 03:31:54.123794",1160,NULL
"state_pe_20","state_pe_20","state_pe_2006",NULL,1437,173,"Sullana","2006",1,"2022-02-03 03:31:54.123794",1,"2022-02-03 03:31:54.123794",1165,NULL
"state_pe_08","state_pe_08","state_pe_0808",NULL,1438,173,"Espinar","0808",1,"2022-02-03 03:31:54.123794",1,"2022-02-03 03:31:54.123794",1153,NULL
"state_pe_20","state_pe_20","state_pe_2003",NULL,1439,173,"Huancabamba","2003",1,"2022-02-03 03:31:54.123794",1,"2022-02-03 03:31:54.123794",1165,NULL
"state_pe_20","state_pe_20","state_pe_2004",NULL,1440,173,"Morropon","2004",1,"2022-02-03 03:31:54.123794",1,"2022-02-03 03:31:54.123794",1165,NULL
"state_pe_11","state_pe_11","state_pe_1105",NULL,1441,173,"Pisco","1105",1,"2022-02-03 03:31:54.123794",1,"2022-02-03 03:31:54.123794",1156,NULL
"state_pe_06","state_pe_06","state_pe_0613",NULL,1442,173,"Santa Cruz","0613",1,"2022-02-03 03:31:54.123794",1,"2022-02-03 03:31:54.123794",1151,NULL
"state_pe_21","state_pe_21","state_pe_2111",NULL,1443,173,"San Roman","2111",1,"2022-02-03 03:31:54.123794",1,"2022-02-03 03:31:54.123794",1166,NULL
"state_pe_10","state_pe_10","state_pe_1009",NULL,1444,173,"Puerto Inca","1009",1,"2022-02-03 03:31:54.123794",1,"2022-02-03 03:31:54.123794",1155,NULL
"state_pe_04","state_pe_04","state_pe_0401",NULL,1445,173,"Arequipa","0401",1,"2022-02-03 03:31:54.123794",1,"2022-02-03 03:31:54.123794",1149,NULL
"state_pe_05","state_pe_05","state_pe_0511",NULL,1446,173,"Vilcas Huaman","0511",1,"2022-02-03 03:31:54.123794",1,"2022-02-03 03:31:54.123794",1150,NULL
"state_pe_11","state_pe_11","state_pe_1101",NULL,1447,173,"Ica","1101",1,"2022-02-03 03:31:54.123794",1,"2022-02-03 03:31:54.123794",1156,NULL
"state_pe_24","state_pe_24","state_pe_2403",NULL,1448,173,"Zarumilla","2403",1,"2022-02-03 03:31:54.123794",1,"2022-02-03 03:31:54.123794",1169,NULL
"state_pe_25","state_pe_25","state_pe_2502",NULL,1449,173,"Atalaya","2502",1,"2022-02-03 03:31:54.123794",1,"2022-02-03 03:31:54.123794",1170,NULL
"state_pe_16","state_pe_16","state_pe_1605",NULL,1450,173,"Requena","1605",1,"2022-02-03 03:31:54.123794",1,"2022-02-03 03:31:54.123794",1161,NULL
"state_pe_03","state_pe_03","state_pe_0306",NULL,1451,173,"Chincheros","0306",1,"2022-02-03 03:31:54.123794",1,"2022-02-03 03:31:54.123794",1148,NULL
"state_pe_02","state_pe_02","state_pe_0217",NULL,1452,173,"Recuay","0217",1,"2022-02-03 03:31:54.123794",1,"2022-02-03 03:31:54.123794",1147,NULL
"state_pe_12","state_pe_12","state_pe_1209",NULL,1453,173,"Chupaca","1209",1,"2022-02-03 03:31:54.123794",1,"2022-02-03 03:31:54.123794",1157,NULL
"state_pe_10","state_pe_10","state_pe_1007",NULL,1454,173,"Marañon","1007",1,"2022-02-03 03:31:54.123794",1,"2022-02-03 03:31:54.123794",1155,NULL
"state_pe_11","state_pe_11","state_pe_1104",NULL,1455,173,"Palpa","1104",1,"2022-02-03 03:31:54.123794",1,"2022-02-03 03:31:54.123794",1156,NULL
"state_pe_09","state_pe_09","state_pe_0902",NULL,1456,173,"Acobamba","0902",1,"2022-02-03 03:31:54.123794",1,"2022-02-03 03:31:54.123794",1154,NULL
"state_pe_12","state_pe_12","state_pe_1202",NULL,1457,173,"Concepcion","1202",1,"2022-02-03 03:31:54.123794",1,"2022-02-03 03:31:54.123794",1157,NULL
"state_pe_19","state_pe_19","state_pe_1903",NULL,1458,173,"Oxapampa","1903",1,"2022-02-03 03:31:54.123794",1,"2022-02-03 03:31:54.123794",1164,NULL
"state_pe_24","state_pe_24","state_pe_2401",NULL,1459,173,"Tumbes","2401",1,"2022-02-03 03:31:54.123794",1,"2022-02-03 03:31:54.123794",1169,NULL
"state_pe_13","state_pe_13","state_pe_1302",NULL,1460,173,"Ascope","1302",1,"2022-02-03 03:31:54.123794",1,"2022-02-03 03:31:54.123794",1158,NULL
"state_pe_21","state_pe_21","state_pe_2108",NULL,1461,173,"Melgar","2108",1,"2022-02-03 03:31:54.123794",1,"2022-02-03 03:31:54.123794",1166,NULL
"state_pe_02","state_pe_02","state_pe_0209",NULL,1462,173,"Corongo","0209",1,"2022-02-03 03:31:54.123794",1,"2022-02-03 03:31:54.123794",1147,NULL
"state_pe_10","state_pe_10","state_pe_1010",NULL,1463,173,"Lauricocha","1010",1,"2022-02-03 03:31:54.123794",1,"2022-02-03 03:31:54.123794",1155,NULL
"state_pe_13","state_pe_13","state_pe_1310",NULL,1464,173,"Santiago De Chuco","1310",1,"2022-02-03 03:31:54.123794",1,"2022-02-03 03:31:54.123794",1158,NULL
"state_pe_04","state_pe_04","state_pe_0407",NULL,1465,173,"Islay","0407",1,"2022-02-03 03:31:54.123794",1,"2022-02-03 03:31:54.123794",1149,NULL
"state_pe_10","state_pe_10","state_pe_1001",NULL,1466,173,"Huanuco","1001",1,"2022-02-03 03:31:54.123794",1,"2022-02-03 03:31:54.123794",1155,NULL
"state_pe_02","state_pe_02","state_pe_0218",NULL,1467,173,"Santa","0218",1,"2022-02-03 03:31:54.123794",1,"2022-02-03 03:31:54.123794",1147,NULL
"state_pe_08","state_pe_08","state_pe_0813",NULL,1468,173,"Urubamba","0813",1,"2022-02-03 03:31:54.123794",1,"2022-02-03 03:31:54.123794",1153,NULL
"state_pe_02","state_pe_02","state_pe_0204",NULL,1469,173,"Asuncion","0204",1,"2022-02-03 03:31:54.123794",1,"2022-02-03 03:31:54.123794",1147,NULL
"state_pe_06","state_pe_06","state_pe_0609",NULL,1470,173,"San Ignacio","0609",1,"2022-02-03 03:31:54.123794",1,"2022-02-03 03:31:54.123794",1151,NULL
"state_pe_12","state_pe_12","state_pe_1207",NULL,1471,173,"Tarma","1207",1,"2022-02-03 03:31:54.123794",1,"2022-02-03 03:31:54.123794",1157,NULL
"state_pe_25","state_pe_25","state_pe_2503",NULL,1472,173,"Padre Abad","2503",1,"2022-02-03 03:31:54.123794",1,"2022-02-03 03:31:54.123794",1170,NULL
"state_pe_21","state_pe_21","state_pe_2114",NULL,1473,173,"Juliaca","2114",1,"2022-02-03 03:31:54.123794",1,"2022-02-03 03:31:54.123794",1166,NULL
"state_pe_02","state_pe_02","state_pe_0213",NULL,1474,173,"Mariscal Luzuriaga","0213",1,"2022-02-03 03:31:54.123794",1,"2022-02-03 03:31:54.123794",1147,NULL
"state_pe_15","state_pe_15","state_pe_1509",NULL,1475,173,"Oyon","1509",1,"2022-02-03 03:31:54.123794",1,"2022-02-03 03:31:54.123794",1160,NULL
"state_pe_09","state_pe_09","state_pe_0907",NULL,1476,173,"Tayacaja","0907",1,"2022-02-03 03:31:54.123794",1,"2022-02-03 03:31:54.123794",1154,NULL
"state_pe_13","state_pe_13","state_pe_1312",NULL,1477,173,"Viru","1312",1,"2022-02-03 03:31:54.123794",1,"2022-02-03 03:31:54.123794",1158,NULL
"state_pe_02","state_pe_02","state_pe_0214",NULL,1478,173,"Ocros","0214",1,"2022-02-03 03:31:54.123794",1,"2022-02-03 03:31:54.123794",1147,NULL
"state_pe_12","state_pe_12","state_pe_1205",NULL,1479,173,"Junin","1205",1,"2022-02-03 03:31:54.123794",1,"2022-02-03 03:31:54.123794",1157,NULL
"state_pe_10","state_pe_10","state_pe_1011",NULL,1480,173,"Yarowilca","1011",1,"2022-02-03 03:31:54.123794",1,"2022-02-03 03:31:54.123794",1155,NULL
"state_pe_02","state_pe_02","state_pe_0201",NULL,1481,173,"Huaraz","0201",1,"2022-02-03 03:31:54.123794",1,"2022-02-03 03:31:54.123794",1147,NULL
"state_pe_06","state_pe_06","state_pe_0608",NULL,1482,173,"Jaen","0608",1,"2022-02-03 03:31:54.123794",1,"2022-02-03 03:31:54.123794",1151,NULL
"state_pe_10","state_pe_10","state_pe_1003",NULL,1483,173,"Dos De Mayo","1003",1,"2022-02-03 03:31:54.123794",1,"2022-02-03 03:31:54.123794",1155,NULL
"state_pe_21","state_pe_21","state_pe_2112",NULL,1484,173,"Sandia","2112",1,"2022-02-03 03:31:54.123794",1,"2022-02-03 03:31:54.123794",1166,NULL
"state_pe_11","state_pe_11","state_pe_1103",NULL,1485,173,"Nazca","1103",1,"2022-02-03 03:31:54.123794",1,"2022-02-03 03:31:54.123794",1156,NULL
"state_pe_13","state_pe_13","state_pe_1308",NULL,1486,173,"Pataz","1308",1,"2022-02-03 03:31:54.123794",1,"2022-02-03 03:31:54.123794",1158,NULL
"state_pe_22","state_pe_22","state_pe_2207",NULL,1487,173,"Picota","2207",1,"2022-02-03 03:31:54.123794",1,"2022-02-03 03:31:54.123794",1167,NULL
"state_pe_22","state_pe_22","state_pe_2208",NULL,1488,173,"Rioja","2208",1,"2022-02-03 03:31:54.123794",1,"2022-02-03 03:31:54.123794",1167,NULL
"state_pe_02","state_pe_02","state_pe_0202",NULL,1489,173,"Aija","0202",1,"2022-02-03 03:31:54.123794",1,"2022-02-03 03:31:54.123794",1147,NULL
"state_pe_22","state_pe_22","state_pe_2209",NULL,1490,173,"San Martin","2209",1,"2022-02-03 03:31:54.123794",1,"2022-02-03 03:31:54.123794",1167,NULL
"state_pe_01","state_pe_01","state_pe_0107",NULL,1491,173,"Utcubamba","0107",1,"2022-02-03 03:31:54.123794",1,"2022-02-03 03:31:54.123794",1146,NULL
"state_pe_05","state_pe_05","state_pe_0507",NULL,1492,173,"Parinacochas","0507",1,"2022-02-03 03:31:54.123794",1,"2022-02-03 03:31:54.123794",1150,NULL
"state_pe_12","state_pe_12","state_pe_1203",NULL,1493,173,"Chanchamayo","1203",1,"2022-02-03 03:31:54.123794",1,"2022-02-03 03:31:54.123794",1157,NULL
"state_pe_06","state_pe_06","state_pe_0601",NULL,1494,173,"Cajamarca","0601",1,"2022-02-03 03:31:54.123794",1,"2022-02-03 03:31:54.123794",1151,NULL
"state_pe_22","state_pe_22","state_pe_2201",NULL,1495,173,"Moyobamba","2201",1,"2022-02-03 03:31:54.123794",1,"2022-02-03 03:31:54.123794",1167,NULL
"state_pe_13","state_pe_13","state_pe_1306",NULL,1496,173,"Otuzco","1306",1,"2022-02-03 03:31:54.123794",1,"2022-02-03 03:31:54.123794",1158,NULL
"state_pe_02","state_pe_02","state_pe_0210",NULL,1497,173,"Huari","0210",1,"2022-02-03 03:31:54.123794",1,"2022-02-03 03:31:54.123794",1147,NULL
"state_pe_08","state_pe_08","state_pe_0807",NULL,1498,173,"Chumbivilcas","0807",1,"2022-02-03 03:31:54.123794",1,"2022-02-03 03:31:54.123794",1153,NULL
"state_pe_01","state_pe_01","state_pe_0104",NULL,1499,173,"Condorcanqui","0104",1,"2022-02-03 03:31:54.123794",1,"2022-02-03 03:31:54.123794",1146,NULL
"state_pe_07","state_pe_07","state_pe_0701",NULL,1500,173,"Callao","0701",1,"2022-02-03 03:31:54.123794",1,"2022-02-03 03:31:54.123794",1152,NULL
"state_pe_01","state_pe_01","state_pe_0105",NULL,1501,173,"Luya","0105",1,"2022-02-03 03:31:54.123794",1,"2022-02-03 03:31:54.123794",1146,NULL
"state_pe_15","state_pe_15","state_pe_1510",NULL,1502,173,"Yauyos","1510",1,"2022-02-03 03:31:54.123794",1,"2022-02-03 03:31:54.123794",1160,NULL
"state_pe_06","state_pe_06","state_pe_0611",NULL,1503,173,"San Miguel","0611",1,"2022-02-03 03:31:54.123794",1,"2022-02-03 03:31:54.123794",1151,NULL
"state_pe_14","state_pe_14","state_pe_1402",NULL,1504,173,"Ferreñafe","1402",1,"2022-02-03 03:31:54.123794",1,"2022-02-03 03:31:54.123794",1159,NULL
"state_pe_11","state_pe_11","state_pe_1102",NULL,1505,173,"Chincha","1102",1,"2022-02-03 03:31:54.123794",1,"2022-02-03 03:31:54.123794",1156,NULL
"state_pe_12","state_pe_12","state_pe_1208",NULL,1506,173,"Yauli","1208",1,"2022-02-03 03:31:54.123794",1,"2022-02-03 03:31:54.123794",1157,NULL
"state_pe_13","state_pe_13","state_pe_1311",NULL,1507,173,"Gran Chimu","1311",1,"2022-02-03 03:31:54.123794",1,"2022-02-03 03:31:54.123794",1158,NULL
"state_pe_02","state_pe_02","state_pe_0220",NULL,1508,173,"Yungay","0220",1,"2022-02-03 03:31:54.123794",1,"2022-02-03 03:31:54.123794",1147,NULL
"state_pe_04","state_pe_04","state_pe_0403",NULL,1509,173,"Caraveli","0403",1,"2022-02-03 03:31:54.123794",1,"2022-02-03 03:31:54.123794",1149,NULL
"state_pe_09","state_pe_09","state_pe_0904",NULL,1510,173,"Castrovirreyna","0904",1,"2022-02-03 03:31:54.123794",1,"2022-02-03 03:31:54.123794",1154,NULL
"state_pe_03","state_pe_03","state_pe_0304",NULL,1511,173,"Aymaraes","0304",1,"2022-02-03 03:31:54.123794",1,"2022-02-03 03:31:54.123794",1148,NULL
"state_pe_13","state_pe_13","state_pe_1305",NULL,1512,173,"Julcan","1305",1,"2022-02-03 03:31:54.123794",1,"2022-02-03 03:31:54.123794",1158,NULL
"state_pe_03","state_pe_03","state_pe_0303",NULL,1513,173,"Antabamba","0303",1,"2022-02-03 03:31:54.123794",1,"2022-02-03 03:31:54.123794",1148,NULL
"state_pe_10","state_pe_10","state_pe_1006",NULL,1514,173,"Leoncio Prado","1006",1,"2022-02-03 03:31:54.123794",1,"2022-02-03 03:31:54.123794",1155,NULL
"state_pe_20","state_pe_20","state_pe_2002",NULL,1515,173,"Ayabaca","2002",1,"2022-02-03 03:31:54.123794",1,"2022-02-03 03:31:54.123794",1165,NULL
"state_pe_22","state_pe_22","state_pe_2210",NULL,1516,173,"Tocache","2210",1,"2022-02-03 03:31:54.123794",1,"2022-02-03 03:31:54.123794",1167,NULL
"state_pe_22","state_pe_22","state_pe_2204",NULL,1517,173,"Huallaga","2204",1,"2022-02-03 03:31:54.123794",1,"2022-02-03 03:31:54.123794",1167,NULL
"state_pe_08","state_pe_08","state_pe_0804",NULL,1518,173,"Calca","0804",1,"2022-02-03 03:31:54.123794",1,"2022-02-03 03:31:54.123794",1153,NULL
"state_pe_06","state_pe_06","state_pe_0602",NULL,1519,173,"Cajabamba","0602",1,"2022-02-03 03:31:54.123794",1,"2022-02-03 03:31:54.123794",1151,NULL
"state_pe_04","state_pe_04","state_pe_0408",NULL,1520,173,"La Union","0408",1,"2022-02-03 03:31:54.123794",1,"2022-02-03 03:31:54.123794",1149,NULL
"state_pe_22","state_pe_22","state_pe_2205",NULL,1521,173,"Lamas","2205",1,"2022-02-03 03:31:54.123794",1,"2022-02-03 03:31:54.123794",1167,NULL
"state_pe_20","state_pe_20","state_pe_2008",NULL,1522,173,"Sechura","2008",1,"2022-02-03 03:31:54.123794",1,"2022-02-03 03:31:54.123794",1165,NULL
"state_pe_08","state_pe_08","state_pe_0810",NULL,1523,173,"Paruro","0810",1,"2022-02-03 03:31:54.123794",1,"2022-02-03 03:31:54.123794",1153,NULL
"state_pe_03","state_pe_03","state_pe_0302",NULL,1524,173,"Andahuaylas","0302",1,"2022-02-03 03:31:54.123794",1,"2022-02-03 03:31:54.123794",1148,NULL
"state_pe_16","state_pe_16","state_pe_1601",NULL,1525,173,"Maynas","1601",1,"2022-02-03 03:31:54.123794",1,"2022-02-03 03:31:54.123794",1161,NULL
"state_pe_08","state_pe_08","state_pe_0802",NULL,1526,173,"Acomayo","0802",1,"2022-02-03 03:31:54.123794",1,"2022-02-03 03:31:54.123794",1153,NULL
"state_pe_02","state_pe_02","state_pe_0206",NULL,1527,173,"Carhuaz","0206",1,"2022-02-03 03:31:54.123794",1,"2022-02-03 03:31:54.123794",1147,NULL
"state_pe_08","state_pe_08","state_pe_0809",NULL,1528,173,"La Convencion","0809",1,"2022-02-03 03:31:54.123794",1,"2022-02-03 03:31:54.123794",1153,NULL
"state_pe_06","state_pe_06","state_pe_0603",NULL,1529,173,"Celendin","0603",1,"2022-02-03 03:31:54.123794",1,"2022-02-03 03:31:54.123794",1151,NULL
"state_pe_20","state_pe_20","state_pe_2007",NULL,1530,173,"Talara","2007",1,"2022-02-03 03:31:54.123794",1,"2022-02-03 03:31:54.123794",1165,NULL
"state_pe_05","state_pe_05","state_pe_0501",NULL,1531,173,"Huamanga","0501",1,"2022-02-03 03:31:54.123794",1,"2022-02-03 03:31:54.123794",1150,NULL
"state_pe_12","state_pe_12","state_pe_1201",NULL,1532,173,"Huancayo","1201",1,"2022-02-03 03:31:54.123794",1,"2022-02-03 03:31:54.123794",1157,NULL
"state_pe_10","state_pe_10","state_pe_1008",NULL,1533,173,"Pachitea","1008",1,"2022-02-03 03:31:54.123794",1,"2022-02-03 03:31:54.123794",1155,NULL
"state_pe_18","state_pe_18","state_pe_1802",NULL,1534,173,"General Sanchez Cerro","1802",1,"2022-02-03 03:31:54.123794",1,"2022-02-03 03:31:54.123794",1163,NULL
"state_pe_23","state_pe_23","state_pe_2301",NULL,1535,173,"Tacna","2301",1,"2022-02-03 03:31:54.123794",1,"2022-02-03 03:31:54.123794",1168,NULL
"state_pe_12","state_pe_12","state_pe_1206",NULL,1536,173,"Satipo","1206",1,"2022-02-03 03:31:54.123794",1,"2022-02-03 03:31:54.123794",1157,NULL
"state_pe_04","state_pe_04","state_pe_0402",NULL,1537,173,"Camana","0402",1,"2022-02-03 03:31:54.123794",1,"2022-02-03 03:31:54.123794",1149,NULL
"state_pe_05","state_pe_05","state_pe_0503",NULL,1538,173,"Huanca Sancos","0503",1,"2022-02-03 03:31:54.123794",1,"2022-02-03 03:31:54.123794",1150,NULL
"state_pe_21","state_pe_21","state_pe_2103",NULL,1539,173,"Carabaya","2103",1,"2022-02-03 03:31:54.123794",1,"2022-02-03 03:31:54.123794",1166,NULL
"state_pe_03","state_pe_03","state_pe_0301",NULL,1540,173,"Abancay","0301",1,"2022-02-03 03:31:54.123794",1,"2022-02-03 03:31:54.123794",1148,NULL
"state_pe_13","state_pe_13","state_pe_1303",NULL,1541,173,"Bolivar","1303",1,"2022-02-03 03:31:54.123794",1,"2022-02-03 03:31:54.123794",1158,NULL
"state_pe_03","state_pe_03","state_pe_0305",NULL,1542,173,"Cotabambas","0305",1,"2022-02-03 03:31:54.123794",1,"2022-02-03 03:31:54.123794",1148,NULL
"state_pe_09","state_pe_09","state_pe_0906",NULL,1543,173,"Huaytara","0906",1,"2022-02-03 03:31:54.123794",1,"2022-02-03 03:31:54.123794",1154,NULL
"state_pe_15","state_pe_15","state_pe_1501",NULL,1544,173,"Lima","1501",1,"2022-02-03 03:31:54.123794",1,"2022-02-03 03:31:54.123794",1160,NULL
"state_pe_15","state_pe_15","state_pe_1504",NULL,1545,173,"Canta","1504",1,"2022-02-03 03:31:54.123794",1,"2022-02-03 03:31:54.123794",1160,NULL
"state_pe_15","state_pe_15","state_pe_1506",NULL,1546,173,"Huaral","1506",1,"2022-02-03 03:31:54.123794",1,"2022-02-03 03:31:54.123794",1160,NULL
"state_pe_02","state_pe_02","state_pe_0211",NULL,1547,173,"Huarmey","0211",1,"2022-02-03 03:31:54.123794",1,"2022-02-03 03:31:54.123794",1147,NULL
"state_pe_02","state_pe_02","state_pe_0212",NULL,1548,173,"Huaylas","0212",1,"2022-02-03 03:31:54.123794",1,"2022-02-03 03:31:54.123794",1147,NULL
"state_pe_25","state_pe_25","state_pe_2501",NULL,1549,173,"Coronel Portillo","2501",1,"2022-02-03 03:31:54.123794",1,"2022-02-03 03:31:54.123794",1170,NULL
"state_pe_08","state_pe_08","state_pe_0805",NULL,1550,173,"Canas","0805",1,"2022-02-03 03:31:54.123794",1,"2022-02-03 03:31:54.123794",1153,NULL
"state_pe_02","state_pe_02","state_pe_0219",NULL,1551,173,"Sihuas","0219",1,"2022-02-03 03:31:54.123794",1,"2022-02-03 03:31:54.123794",1147,NULL
"state_pe_16","state_pe_16","state_pe_1604",NULL,1552,173,"Mariscal Ramon Castilla","1604",1,"2022-02-03 03:31:54.123794",1,"2022-02-03 03:31:54.123794",1161,NULL
"state_pe_14","state_pe_14","state_pe_1403",NULL,1553,173,"Lambayeque","1403",1,"2022-02-03 03:31:54.123794",1,"2022-02-03 03:31:54.123794",1159,NULL
"state_pe_06","state_pe_06","state_pe_0612",NULL,1554,173,"San Pablo","0612",1,"2022-02-03 03:31:54.123794",1,"2022-02-03 03:31:54.123794",1151,NULL
"state_pe_21","state_pe_21","state_pe_2105",NULL,1555,173,"El Collao","2105",1,"2022-02-03 03:31:54.123794",1,"2022-02-03 03:31:54.123794",1166,NULL
"state_pe_19","state_pe_19","state_pe_1902",NULL,1556,173,"Daniel Alcides Carrion","1902",1,"2022-02-03 03:31:54.123794",1,"2022-02-03 03:31:54.123794",1164,NULL
"state_pe_16","state_pe_16","state_pe_1603",NULL,1557,173,"Loreto","1603",1,"2022-02-03 03:31:54.123794",1,"2022-02-03 03:31:54.123794",1161,NULL
"state_pe_17","state_pe_17","state_pe_1701",NULL,1558,173,"Tambopata","1701",1,"2022-02-03 03:31:54.123794",1,"2022-02-03 03:31:54.123794",1162,NULL
"state_pe_23","state_pe_23","state_pe_2302",NULL,1559,173,"Candarave","2302",1,"2022-02-03 03:31:54.123794",1,"2022-02-03 03:31:54.123794",1168,NULL
"state_pe_02","state_pe_02","state_pe_0205",NULL,1560,173,"Bolognesi","0205",1,"2022-02-03 03:31:54.123794",1,"2022-02-03 03:31:54.123794",1147,NULL
"state_pe_18","state_pe_18","state_pe_1803",NULL,1561,173,"Ilo","1803",1,"2022-02-03 03:31:54.123794",1,"2022-02-03 03:31:54.123794",1163,NULL
"state_pe_09","state_pe_09","state_pe_0901",NULL,1562,173,"Huancavelica","0901",1,"2022-02-03 03:31:54.123794",1,"2022-02-03 03:31:54.123794",1154,NULL
"state_pe_13","state_pe_13","state_pe_1304",NULL,1563,173,"Chepen","1304",1,"2022-02-03 03:31:54.123794",1,"2022-02-03 03:31:54.123794",1158,NULL
"state_pe_08","state_pe_08","state_pe_0811",NULL,1564,173,"Paucartambo","0811",1,"2022-02-03 03:31:54.123794",1,"2022-02-03 03:31:54.123794",1153,NULL
"state_pe_09","state_pe_09","state_pe_0905",NULL,1565,173,"Churcampa","0905",1,"2022-02-03 03:31:54.123794",1,"2022-02-03 03:31:54.123794",1154,NULL
"state_pe_21","state_pe_21","state_pe_2102",NULL,1566,173,"Azangaro","2102",1,"2022-02-03 03:31:54.123794",1,"2022-02-03 03:31:54.123794",1166,NULL
"state_pe_04","state_pe_04","state_pe_0404",NULL,1567,173,"Castilla","0404",1,"2022-02-03 03:31:54.123794",1,"2022-02-03 03:31:54.123794",1149,NULL
"state_pe_20","state_pe_20","state_pe_2001",NULL,1568,173,"Piura","2001",1,"2022-02-03 03:31:54.123794",1,"2022-02-03 03:31:54.123794",1165,NULL
"state_pe_23","state_pe_23","state_pe_2304",NULL,1569,173,"Tarata","2304",1,"2022-02-03 03:31:54.123794",1,"2022-02-03 03:31:54.123794",1168,NULL
"state_pe_08","state_pe_08","state_pe_0812",NULL,1570,173,"Quispicanchi","0812",1,"2022-02-03 03:31:54.123794",1,"2022-02-03 03:31:54.123794",1153,NULL
"state_pe_22","state_pe_22","state_pe_2202",NULL,1571,173,"Bellavista","2202",1,"2022-02-03 03:31:54.123794",1,"2022-02-03 03:31:54.123794",1167,NULL
"state_pe_06","state_pe_06","state_pe_0607",NULL,1572,173,"Hualgayoc","0607",1,"2022-02-03 03:31:54.123794",1,"2022-02-03 03:31:54.123794",1151,NULL
"state_pe_05","state_pe_05","state_pe_0508",NULL,1573,173,"Paucar Del Sara Sara","0508",1,"2022-02-03 03:31:54.123794",1,"2022-02-03 03:31:54.123794",1150,NULL
"state_pe_21","state_pe_21","state_pe_2101",NULL,1574,173,"Puno","2101",1,"2022-02-03 03:31:54.123794",1,"2022-02-03 03:31:54.123794",1166,NULL
"state_pe_21","state_pe_21","state_pe_2107",NULL,1575,173,"Lampa","2107",1,"2022-02-03 03:31:54.123794",1,"2022-02-03 03:31:54.123794",1166,NULL
"state_pe_10","state_pe_10","state_pe_1004",NULL,1576,173,"Huacaybamba","1004",1,"2022-02-03 03:31:54.123794",1,"2022-02-03 03:31:54.123794",1155,NULL
"state_pe_09","state_pe_09","state_pe_0903",NULL,1577,173,"Angaraes","0903",1,"2022-02-03 03:31:54.123794",1,"2022-02-03 03:31:54.123794",1154,NULL
"state_pe_15","state_pe_15","state_pe_1507",NULL,1578,173,"Huarochiri","1507",1,"2022-02-03 03:31:54.123794",1,"2022-02-03 03:31:54.123794",1160,NULL
"state_pe_10","state_pe_10","state_pe_1002",NULL,1579,173,"Ambo","1002",1,"2022-02-03 03:31:54.123794",1,"2022-02-03 03:31:54.123794",1155,NULL
"state_pe_04","state_pe_04","state_pe_0406",NULL,1580,173,"Condesuyos","0406",1,"2022-02-03 03:31:54.123794",1,"2022-02-03 03:31:54.123794",1149,NULL
"state_pe_1501","state_pe_15","state_pe_1501","state_pe_150108",1581,173,"Chorrillos","150108",1,"2022-02-03 03:31:54.123794",1,"2022-02-03 03:31:54.123794",1160,1544
"state_pe_0207","state_pe_02","state_pe_0207","state_pe_020701",1582,173,"Carlos F. Fitzcarrald","020701",1,"2022-02-03 03:31:54.123794",1,"2022-02-03 03:31:54.123794",1147,1385
"state_pe_0208","state_pe_02","state_pe_0208","state_pe_020801",1583,173,"Casma","020801",1,"2022-02-03 03:31:54.123794",1,"2022-02-03 03:31:54.123794",1147,1402
"state_pe_2114","state_pe_21","state_pe_2114","state_pe_211401",1584,173,"Juliaca","211401",1,"2022-02-03 03:31:54.123794",1,"2022-02-03 03:31:54.123794",1166,1473
"state_pe_0202","state_pe_02","state_pe_0202","state_pe_020201",1585,173,"Aija","020201",1,"2022-02-03 03:31:54.123794",1,"2022-02-03 03:31:54.123794",1147,1489
"state_pe_1310","state_pe_13","state_pe_1310","state_pe_131001",1586,173,"Santiago De Chuco","131001",1,"2022-02-03 03:31:54.123794",1,"2022-02-03 03:31:54.123794",1158,1464
"state_pe_1501","state_pe_15","state_pe_1501","state_pe_150137",1587,173,"Santa Anita","150137",1,"2022-02-03 03:31:54.123794",1,"2022-02-03 03:31:54.123794",1160,1544
"state_pe_1501","state_pe_15","state_pe_1501","state_pe_150138",1588,173,"Santa Maria Del Mar","150138",1,"2022-02-03 03:31:54.123794",1,"2022-02-03 03:31:54.123794",1160,1544
"state_pe_1010","state_pe_10","state_pe_1010","state_pe_101001",1589,173,"Lauricocha","101001",1,"2022-02-03 03:31:54.123794",1,"2022-02-03 03:31:54.123794",1155,1463
"state_pe_0613","state_pe_06","state_pe_0613","state_pe_061301",1590,173,"Santa Cruz","061301",1,"2022-02-03 03:31:54.123794",1,"2022-02-03 03:31:54.123794",1151,1442
"state_pe_0603","state_pe_06","state_pe_0603","state_pe_060301",1591,173,"Celendin","060301",1,"2022-02-03 03:31:54.123794",1,"2022-02-03 03:31:54.123794",1151,1529
"state_pe_1501","state_pe_15","state_pe_1501","state_pe_150106",1592,173,"Carabayllo","150106",1,"2022-02-03 03:31:54.123794",1,"2022-02-03 03:31:54.123794",1160,1544
"state_pe_2302","state_pe_23","state_pe_2302","state_pe_230201",1593,173,"Candarave","230201",1,"2022-02-03 03:31:54.123794",1,"2022-02-03 03:31:54.123794",1168,1559
"state_pe_0304","state_pe_03","state_pe_0304","state_pe_030401",1594,173,"Aymaraes","030401",1,"2022-02-03 03:31:54.123794",1,"2022-02-03 03:31:54.123794",1148,1511
"state_pe_2401","state_pe_24","state_pe_2401","state_pe_240101",1595,173,"Tumbes","240101",1,"2022-02-03 03:31:54.123794",1,"2022-02-03 03:31:54.123794",1169,1459
"state_pe_1307","state_pe_13","state_pe_1307","state_pe_130701",1596,173,"Pacasmayo","130701",1,"2022-02-03 03:31:54.123794",1,"2022-02-03 03:31:54.123794",1158,1406
"state_pe_1002","state_pe_10","state_pe_1002","state_pe_100201",1597,173,"Ambo","100201",1,"2022-02-03 03:31:54.123794",1,"2022-02-03 03:31:54.123794",1155,1579
"state_pe_2403","state_pe_24","state_pe_2403","state_pe_240301",1598,173,"Zarumilla","240301",1,"2022-02-03 03:31:54.123794",1,"2022-02-03 03:31:54.123794",1169,1448
"state_pe_0404","state_pe_04","state_pe_0404","state_pe_040401",1599,173,"Castilla","040401",1,"2022-02-03 03:31:54.123794",1,"2022-02-03 03:31:54.123794",1149,1567
"state_pe_1101","state_pe_11","state_pe_1101","state_pe_110101",1600,173,"Ica","110101",1,"2022-02-03 03:31:54.123794",1,"2022-02-03 03:31:54.123794",1156,1447
"state_pe_1203","state_pe_12","state_pe_1203","state_pe_120301",1601,173,"Chanchamayo","120301",1,"2022-02-03 03:31:54.123794",1,"2022-02-03 03:31:54.123794",1157,1493
"state_pe_1501","state_pe_15","state_pe_1501","state_pe_150127",1602,173,"Punta Negra","150127",1,"2022-02-03 03:31:54.123794",1,"2022-02-03 03:31:54.123794",1160,1544
"state_pe_1311","state_pe_13","state_pe_1311","state_pe_131101",1603,173,"Gran Chimu","131101",1,"2022-02-03 03:31:54.123794",1,"2022-02-03 03:31:54.123794",1158,1507
"state_pe_2202","state_pe_22","state_pe_2202","state_pe_220201",1604,173,"Bellavista","220201",1,"2022-02-03 03:31:54.123794",1,"2022-02-03 03:31:54.123794",1167,1571
"state_pe_0608","state_pe_06","state_pe_0608","state_pe_060801",1605,173,"Jaen","060801",1,"2022-02-03 03:31:54.123794",1,"2022-02-03 03:31:54.123794",1151,1482
"state_pe_1501","state_pe_15","state_pe_1501","state_pe_150120",1606,173,"Magdalena Del Mar","150120",1,"2022-02-03 03:31:54.123794",1,"2022-02-03 03:31:54.123794",1160,1544
"state_pe_0905","state_pe_09","state_pe_0905","state_pe_090501",1607,173,"Churcampa","090501",1,"2022-02-03 03:31:54.123794",1,"2022-02-03 03:31:54.123794",1154,1565
"state_pe_0508","state_pe_05","state_pe_0508","state_pe_050801",1608,173,"Paucar Del Sara Sara","050801",1,"2022-02-03 03:31:54.123794",1,"2022-02-03 03:31:54.123794",1150,1573
"state_pe_1501","state_pe_15","state_pe_1501","state_pe_150135",1609,173,"San Martin De Porres","150135",1,"2022-02-03 03:31:54.123794",1,"2022-02-03 03:31:54.123794",1160,1544
"state_pe_1004","state_pe_10","state_pe_1004","state_pe_100401",1610,173,"Huacaybamba","100401",1,"2022-02-03 03:31:54.123794",1,"2022-02-03 03:31:54.123794",1155,1576
"state_pe_0301","state_pe_03","state_pe_0301","state_pe_030101",1611,173,"Abancay","030101",1,"2022-02-03 03:31:54.123794",1,"2022-02-03 03:31:54.123794",1148,1540
"state_pe_2104","state_pe_21","state_pe_2104","state_pe_210401",1612,173,"Chucuito","210401",1,"2022-02-03 03:31:54.123794",1,"2022-02-03 03:31:54.123794",1166,1409
"state_pe_0218","state_pe_02","state_pe_0218","state_pe_021801",1613,173,"Santa","021801",1,"2022-02-03 03:31:54.123794",1,"2022-02-03 03:31:54.123794",1147,1467
"state_pe_0701","state_pe_07","state_pe_0701","state_pe_070103",1614,173,"Carmen De La Legua Reynoso","070103",1,"2022-02-03 03:31:54.123794",1,"2022-02-03 03:31:54.123794",1152,1500
"state_pe_0505","state_pe_05","state_pe_0505","state_pe_050501",1615,173,"La Mar","050501",1,"2022-02-03 03:31:54.123794",1,"2022-02-03 03:31:54.123794",1150,1387
"state_pe_1501","state_pe_15","state_pe_1501","state_pe_150139",1616,173,"Santa Rosa","150139",1,"2022-02-03 03:31:54.123794",1,"2022-02-03 03:31:54.123794",1160,1544
"state_pe_1011","state_pe_10","state_pe_1011","state_pe_101101",1617,173,"Yarowilca","101101",1,"2022-02-03 03:31:54.123794",1,"2022-02-03 03:31:54.123794",1155,1480
"state_pe_0201","state_pe_02","state_pe_0201","state_pe_020101",1618,173,"Huaraz","020101",1,"2022-02-03 03:31:54.123794",1,"2022-02-03 03:31:54.123794",1147,1481
"state_pe_1501","state_pe_15","state_pe_1501","state_pe_150141",1619,173,"Surquillo","150141",1,"2022-02-03 03:31:54.123794",1,"2022-02-03 03:31:54.123794",1160,1544
"state_pe_0604","state_pe_06","state_pe_0604","state_pe_060401",1620,173,"Chota","060401",1,"2022-02-03 03:31:54.123794",1,"2022-02-03 03:31:54.123794",1151,1416
"state_pe_0306","state_pe_03","state_pe_0306","state_pe_030601",1621,173,"Chincheros","030601",1,"2022-02-03 03:31:54.123794",1,"2022-02-03 03:31:54.123794",1148,1451
"state_pe_1509","state_pe_15","state_pe_1509","state_pe_150901",1622,173,"Oyon","150901",1,"2022-02-03 03:31:54.123794",1,"2022-02-03 03:31:54.123794",1160,1475
"state_pe_0107","state_pe_01","state_pe_0107","state_pe_010701",1623,173,"Utcubamba","010701",1,"2022-02-03 03:31:54.123794",1,"2022-02-03 03:31:54.123794",1146,1491
"state_pe_0612","state_pe_06","state_pe_0612","state_pe_061201",1624,173,"San Pablo","061201",1,"2022-02-03 03:31:54.123794",1,"2022-02-03 03:31:54.123794",1151,1554
"state_pe_1207","state_pe_12","state_pe_1207","state_pe_120701",1625,173,"Tarma","120701",1,"2022-02-03 03:31:54.123794",1,"2022-02-03 03:31:54.123794",1157,1471
"state_pe_0801","state_pe_08","state_pe_0801","state_pe_080101",1626,173,"Cusco","080101",1,"2022-02-03 03:31:54.123794",1,"2022-02-03 03:31:54.123794",1153,1395
"state_pe_2105","state_pe_21","state_pe_2105","state_pe_210501",1627,173,"El Collao","210501",1,"2022-02-03 03:31:54.123794",1,"2022-02-03 03:31:54.123794",1166,1555
"state_pe_1903","state_pe_19","state_pe_1903","state_pe_190301",1628,173,"Oxapampa","190301",1,"2022-02-03 03:31:54.123794",1,"2022-02-03 03:31:54.123794",1164,1458
"state_pe_1303","state_pe_13","state_pe_1303","state_pe_130301",1629,173,"Bolivar","130301",1,"2022-02-03 03:31:54.123794",1,"2022-02-03 03:31:54.123794",1158,1541
"state_pe_1501","state_pe_15","state_pe_1501","state_pe_150122",1630,173,"Miraflores","150122",1,"2022-02-03 03:31:54.123794",1,"2022-02-03 03:31:54.123794",1160,1544
"state_pe_1006","state_pe_10","state_pe_1006","state_pe_100601",1631,173,"Leoncio Prado","100601",1,"2022-02-03 03:31:54.123794",1,"2022-02-03 03:31:54.123794",1155,1514
"state_pe_1201","state_pe_12","state_pe_1201","state_pe_120101",1632,173,"Huancayo","120101",1,"2022-02-03 03:31:54.123794",1,"2022-02-03 03:31:54.123794",1157,1532
"state_pe_2003","state_pe_20","state_pe_2003","state_pe_200301",1633,173,"Huancabamba","200301",1,"2022-02-03 03:31:54.123794",1,"2022-02-03 03:31:54.123794",1165,1439
"state_pe_2111","state_pe_21","state_pe_2111","state_pe_211101",1634,173,"San Roman","211101",1,"2022-02-03 03:31:54.123794",1,"2022-02-03 03:31:54.123794",1166,1443
"state_pe_1510","state_pe_15","state_pe_1510","state_pe_151001",1635,173,"Yauyos","151001",1,"2022-02-03 03:31:54.123794",1,"2022-02-03 03:31:54.123794",1160,1502
"state_pe_0601","state_pe_06","state_pe_0601","state_pe_060101",1636,173,"Cajamarca","060101",1,"2022-02-03 03:31:54.123794",1,"2022-02-03 03:31:54.123794",1151,1494
"state_pe_0701","state_pe_07","state_pe_0701","state_pe_070105",1637,173,"La Punta","070105",1,"2022-02-03 03:31:54.123794",1,"2022-02-03 03:31:54.123794",1152,1500
"state_pe_1701","state_pe_17","state_pe_1701","state_pe_170101",1638,173,"Tambopata","170101",1,"2022-02-03 03:31:54.123794",1,"2022-02-03 03:31:54.123794",1162,1558
"state_pe_2203","state_pe_22","state_pe_2203","state_pe_220301",1639,173,"El Dorado","220301",1,"2022-02-03 03:31:54.123794",1,"2022-02-03 03:31:54.123794",1167,1426
"state_pe_1301","state_pe_13","state_pe_1301","state_pe_130101",1640,173,"Trujillo","130101",1,"2022-02-03 03:31:54.123794",1,"2022-02-03 03:31:54.123794",1158,1397
"state_pe_2002","state_pe_20","state_pe_2002","state_pe_200201",1641,173,"Ayabaca","200201",1,"2022-02-03 03:31:54.123794",1,"2022-02-03 03:31:54.123794",1165,1515
"state_pe_0106","state_pe_01","state_pe_0106","state_pe_010601",1642,173,"Rodriguez De Mendoza","010601",1,"2022-02-03 03:31:54.123794",1,"2022-02-03 03:31:54.123794",1146,1424
"state_pe_1605","state_pe_16","state_pe_1605","state_pe_160501",1643,173,"Requena","160501",1,"2022-02-03 03:31:54.123794",1,"2022-02-03 03:31:54.123794",1161,1450
"state_pe_2103","state_pe_21","state_pe_2103","state_pe_210301",1644,173,"Carabaya","210301",1,"2022-02-03 03:31:54.123794",1,"2022-02-03 03:31:54.123794",1166,1539
"state_pe_1501","state_pe_15","state_pe_1501","state_pe_150142",1645,173,"Villa El Salvador","150142",1,"2022-02-03 03:31:54.123794",1,"2022-02-03 03:31:54.123794",1160,1544
"state_pe_2205","state_pe_22","state_pe_2205","state_pe_220501",1646,173,"Lamas","220501",1,"2022-02-03 03:31:54.123794",1,"2022-02-03 03:31:54.123794",1167,1521
"state_pe_2110","state_pe_21","state_pe_2110","state_pe_211001",1647,173,"San Antonio De Putina","211001",1,"2022-02-03 03:31:54.123794",1,"2022-02-03 03:31:54.123794",1166,1427
"state_pe_2209","state_pe_22","state_pe_2209","state_pe_220901",1648,173,"San Martin","220901",1,"2022-02-03 03:31:54.123794",1,"2022-02-03 03:31:54.123794",1167,1490
"state_pe_0203","state_pe_02","state_pe_0203","state_pe_020301",1649,173,"Antonio Raymondi","020301",1,"2022-02-03 03:31:54.123794",1,"2022-02-03 03:31:54.123794",1147,1407
"state_pe_1206","state_pe_12","state_pe_1206","state_pe_120601",1650,173,"Satipo","120601",1,"2022-02-03 03:31:54.123794",1,"2022-02-03 03:31:54.123794",1157,1536
"state_pe_0809","state_pe_08","state_pe_0809","state_pe_080901",1651,173,"La Convencion","080901",1,"2022-02-03 03:31:54.123794",1,"2022-02-03 03:31:54.123794",1153,1528
"state_pe_0204","state_pe_02","state_pe_0204","state_pe_020401",1652,173,"Asuncion","020401",1,"2022-02-03 03:31:54.123794",1,"2022-02-03 03:31:54.123794",1147,1469
"state_pe_0901","state_pe_09","state_pe_0901","state_pe_090101",1653,173,"Huancavelica","090101",1,"2022-02-03 03:31:54.123794",1,"2022-02-03 03:31:54.123794",1154,1562
"state_pe_2102","state_pe_21","state_pe_2102","state_pe_210201",1654,173,"Azangaro","210201",1,"2022-02-03 03:31:54.123794",1,"2022-02-03 03:31:54.123794",1166,1566
"state_pe_1601","state_pe_16","state_pe_1601","state_pe_160101",1655,173,"Maynas","160101",1,"2022-02-03 03:31:54.123794",1,"2022-02-03 03:31:54.123794",1161,1525
"state_pe_0907","state_pe_09","state_pe_0907","state_pe_090701",1656,173,"Tayacaja","090701",1,"2022-02-03 03:31:54.123794",1,"2022-02-03 03:31:54.123794",1154,1476
"state_pe_0209","state_pe_02","state_pe_0209","state_pe_020901",1657,173,"Corongo","020901",1,"2022-02-03 03:31:54.123794",1,"2022-02-03 03:31:54.123794",1147,1462
"state_pe_1304","state_pe_13","state_pe_1304","state_pe_130401",1658,173,"Chepen","130401",1,"2022-02-03 03:31:54.123794",1,"2022-02-03 03:31:54.123794",1158,1563
"state_pe_0217","state_pe_02","state_pe_0217","state_pe_021701",1659,173,"Recuay","021701",1,"2022-02-03 03:31:54.123794",1,"2022-02-03 03:31:54.123794",1147,1452
"state_pe_2006","state_pe_20","state_pe_2006","state_pe_200601",1660,173,"Sullana","200601",1,"2022-02-03 03:31:54.123794",1,"2022-02-03 03:31:54.123794",1165,1437
"state_pe_0102","state_pe_01","state_pe_0102","state_pe_010201",1661,173,"Bagua","010201",1,"2022-02-03 03:31:54.123794",1,"2022-02-03 03:31:54.123794",1146,1422
"state_pe_0903","state_pe_09","state_pe_0903","state_pe_090301",1662,173,"Angaraes","090301",1,"2022-02-03 03:31:54.123794",1,"2022-02-03 03:31:54.123794",1154,1577
"state_pe_0307","state_pe_03","state_pe_0307","state_pe_030701",1663,173,"Grau","030701",1,"2022-02-03 03:31:54.123794",1,"2022-02-03 03:31:54.123794",1148,1408
"state_pe_0302","state_pe_03","state_pe_0302","state_pe_030201",1664,173,"Andahuaylas","030201",1,"2022-02-03 03:31:54.123794",1,"2022-02-03 03:31:54.123794",1148,1524
"state_pe_0606","state_pe_06","state_pe_0606","state_pe_060601",1665,173,"Cutervo","060601",1,"2022-02-03 03:31:54.123794",1,"2022-02-03 03:31:54.123794",1151,1414
"state_pe_0511","state_pe_05","state_pe_0511","state_pe_051101",1666,173,"Vilcas Huaman","051101",1,"2022-02-03 03:31:54.123794",1,"2022-02-03 03:31:54.123794",1150,1446
"state_pe_2109","state_pe_21","state_pe_2109","state_pe_210901",1667,173,"Moho","210901",1,"2022-02-03 03:31:54.123794",1,"2022-02-03 03:31:54.123794",1166,1430
"state_pe_1103","state_pe_11","state_pe_1103","state_pe_110301",1668,173,"Nazca","110301",1,"2022-02-03 03:31:54.123794",1,"2022-02-03 03:31:54.123794",1156,1485
"state_pe_0408","state_pe_04","state_pe_0408","state_pe_040801",1669,173,"La Union","040801",1,"2022-02-03 03:31:54.123794",1,"2022-02-03 03:31:54.123794",1149,1520
"state_pe_2211","state_pe_22","state_pe_2211","state_pe_221101",1670,173,"Tarapoto","221101",1,"2022-02-03 03:31:54.123794",1,"2022-02-03 03:31:54.123794",1167,1420
"state_pe_1302","state_pe_13","state_pe_1302","state_pe_130201",1671,173,"Ascope","130201",1,"2022-02-03 03:31:54.123794",1,"2022-02-03 03:31:54.123794",1158,1460
"state_pe_2303","state_pe_23","state_pe_2303","state_pe_230301",1672,173,"Jorge Basadre","230301",1,"2022-02-03 03:31:54.123794",1,"2022-02-03 03:31:54.123794",1168,1396
"state_pe_2204","state_pe_22","state_pe_2204","state_pe_220401",1673,173,"Huallaga","220401",1,"2022-02-03 03:31:54.123794",1,"2022-02-03 03:31:54.123794",1167,1517
"state_pe_1104","state_pe_11","state_pe_1104","state_pe_110401",1674,173,"Palpa","110401",1,"2022-02-03 03:31:54.123794",1,"2022-02-03 03:31:54.123794",1156,1455
"state_pe_1306","state_pe_13","state_pe_1306","state_pe_130601",1675,173,"Otuzco","130601",1,"2022-02-03 03:31:54.123794",1,"2022-02-03 03:31:54.123794",1158,1496
"state_pe_1501","state_pe_15","state_pe_1501","state_pe_150107",1676,173,"Chaclacayo","150107",1,"2022-02-03 03:31:54.123794",1,"2022-02-03 03:31:54.123794",1160,1544
"state_pe_0701","state_pe_07","state_pe_0701","state_pe_070102",1677,173,"Bellavista","070102",1,"2022-02-03 03:31:54.123794",1,"2022-02-03 03:31:54.123794",1152,1500
"state_pe_1501","state_pe_15","state_pe_1501","state_pe_150116",1678,173,"Lince","150116",1,"2022-02-03 03:31:54.123794",1,"2022-02-03 03:31:54.123794",1160,1544
"state_pe_1501","state_pe_15","state_pe_1501","state_pe_150109",1679,173,"Cieneguilla","150109",1,"2022-02-03 03:31:54.123794",1,"2022-02-03 03:31:54.123794",1160,1544
"state_pe_1602","state_pe_16","state_pe_1602","state_pe_160201",1680,173,"Alto Amazonas","160201",1,"2022-02-03 03:31:54.123794",1,"2022-02-03 03:31:54.123794",1161,1431
"state_pe_0510","state_pe_05","state_pe_0510","state_pe_051001",1681,173,"Victor Fajardo","051001",1,"2022-02-03 03:31:54.123794",1,"2022-02-03 03:31:54.123794",1150,1432
"state_pe_0605","state_pe_06","state_pe_0605","state_pe_060501",1682,173,"Contumaza","060501",1,"2022-02-03 03:31:54.123794",1,"2022-02-03 03:31:54.123794",1151,1434
"state_pe_1501","state_pe_15","state_pe_1501","state_pe_150130",1683,173,"San Borja","150130",1,"2022-02-03 03:31:54.123794",1,"2022-02-03 03:31:54.123794",1160,1544
"state_pe_1501","state_pe_15","state_pe_1501","state_pe_150123",1684,173,"Pachacamac","150123",1,"2022-02-03 03:31:54.123794",1,"2022-02-03 03:31:54.123794",1160,1544
"state_pe_2113","state_pe_21","state_pe_2113","state_pe_211301",1685,173,"Yunguyo","211301",1,"2022-02-03 03:31:54.123794",1,"2022-02-03 03:31:54.123794",1166,1419
"state_pe_2208","state_pe_22","state_pe_2208","state_pe_220801",1686,173,"Rioja","220801",1,"2022-02-03 03:31:54.123794",1,"2022-02-03 03:31:54.123794",1167,1488
"state_pe_0206","state_pe_02","state_pe_0206","state_pe_020601",1687,173,"Carhuaz","020601",1,"2022-02-03 03:31:54.123794",1,"2022-02-03 03:31:54.123794",1147,1527
"state_pe_2106","state_pe_21","state_pe_2106","state_pe_210601",1688,173,"Huancane","210601",1,"2022-02-03 03:31:54.123794",1,"2022-02-03 03:31:54.123794",1166,1394
"state_pe_1607","state_pe_16","state_pe_1607","state_pe_160701",1689,173,"Datem Del Marañon","160701",1,"2022-02-03 03:31:54.123794",1,"2022-02-03 03:31:54.123794",1161,1417
"state_pe_1501","state_pe_15","state_pe_1501","state_pe_150104",1690,173,"Barranco","150104",1,"2022-02-03 03:31:54.123794",1,"2022-02-03 03:31:54.123794",1160,1544
"state_pe_0502","state_pe_05","state_pe_0502","state_pe_050201",1691,173,"Cangallo","050201",1,"2022-02-03 03:31:54.123794",1,"2022-02-03 03:31:54.123794",1150,1429
"state_pe_0805","state_pe_08","state_pe_0805","state_pe_080501",1692,173,"Canas","080501",1,"2022-02-03 03:31:54.123794",1,"2022-02-03 03:31:54.123794",1153,1550
"state_pe_1501","state_pe_15","state_pe_1501","state_pe_150124",1693,173,"Pucusana","150124",1,"2022-02-03 03:31:54.123794",1,"2022-02-03 03:31:54.123794",1160,1544
"state_pe_0701","state_pe_07","state_pe_0701","state_pe_070106",1694,173,"Ventanilla","070106",1,"2022-02-03 03:31:54.123794",1,"2022-02-03 03:31:54.123794",1152,1500
"state_pe_1401","state_pe_14","state_pe_1401","state_pe_140101",1695,173,"Chiclayo","140101",1,"2022-02-03 03:31:54.123794",1,"2022-02-03 03:31:54.123794",1159,1405
"state_pe_1501","state_pe_15","state_pe_1501","state_pe_150110",1696,173,"Comas","150110",1,"2022-02-03 03:31:54.123794",1,"2022-02-03 03:31:54.123794",1160,1544
"state_pe_0804","state_pe_08","state_pe_0804","state_pe_080401",1697,173,"Calca","080401",1,"2022-02-03 03:31:54.123794",1,"2022-02-03 03:31:54.123794",1153,1518
"state_pe_1501","state_pe_15","state_pe_1501","state_pe_150136",1698,173,"San Miguel","150136",1,"2022-02-03 03:31:54.123794",1,"2022-02-03 03:31:54.123794",1160,1544
"state_pe_2112","state_pe_21","state_pe_2112","state_pe_211201",1699,173,"Sandia","211201",1,"2022-02-03 03:31:54.123794",1,"2022-02-03 03:31:54.123794",1166,1484
"state_pe_0407","state_pe_04","state_pe_0407","state_pe_040701",1700,173,"Islay","040701",1,"2022-02-03 03:31:54.123794",1,"2022-02-03 03:31:54.123794",1149,1465
"state_pe_0504","state_pe_05","state_pe_0504","state_pe_050401",1701,173,"Huanta","050401",1,"2022-02-03 03:31:54.123794",1,"2022-02-03 03:31:54.123794",1150,1423
"state_pe_1902","state_pe_19","state_pe_1902","state_pe_190201",1702,173,"Daniel Alcides Carrion","190201",1,"2022-02-03 03:31:54.123794",1,"2022-02-03 03:31:54.123794",1164,1556
"state_pe_1501","state_pe_15","state_pe_1501","state_pe_150119",1703,173,"Lurin","150119",1,"2022-02-03 03:31:54.123794",1,"2022-02-03 03:31:54.123794",1160,1544
"state_pe_1501","state_pe_15","state_pe_1501","state_pe_150115",1704,173,"La Victoria","150115",1,"2022-02-03 03:31:54.123794",1,"2022-02-03 03:31:54.123794",1160,1544
"state_pe_2304","state_pe_23","state_pe_2304","state_pe_230401",1705,173,"Tarata","230401",1,"2022-02-03 03:31:54.123794",1,"2022-02-03 03:31:54.123794",1168,1569
"state_pe_0507","state_pe_05","state_pe_0507","state_pe_050701",1706,173,"Parinacochas","050701",1,"2022-02-03 03:31:54.123794",1,"2022-02-03 03:31:54.123794",1150,1492
"state_pe_1001","state_pe_10","state_pe_1001","state_pe_100101",1707,173,"Huanuco","100101",1,"2022-02-03 03:31:54.123794",1,"2022-02-03 03:31:54.123794",1155,1466
"state_pe_0602","state_pe_06","state_pe_0602","state_pe_060201",1708,173,"Cajabamba","060201",1,"2022-02-03 03:31:54.123794",1,"2022-02-03 03:31:54.123794",1151,1519
"state_pe_2008","state_pe_20","state_pe_2008","state_pe_200801",1709,173,"Sechura","200801",1,"2022-02-03 03:31:54.123794",1,"2022-02-03 03:31:54.123794",1165,1522
"state_pe_1507","state_pe_15","state_pe_1507","state_pe_150701",1710,173,"Huarochiri","150701",1,"2022-02-03 03:31:54.123794",1,"2022-02-03 03:31:54.123794",1160,1578
"state_pe_1607","state_pe_16","state_pe_1607","state_pe_160707",1711,173,"Iquitos","160707",1,"2022-02-03 03:31:54.123794",1,"2022-02-03 03:31:54.123794",1161,1417
"state_pe_1501","state_pe_15","state_pe_1501","state_pe_150143",1712,173,"Villa Maria Del Triunfo","150143",1,"2022-02-03 03:31:54.123794",1,"2022-02-03 03:31:54.123794",1160,1544
"state_pe_1309","state_pe_13","state_pe_1309","state_pe_130901",1713,173,"Sanchez Carrion","130901",1,"2022-02-03 03:31:54.123794",1,"2022-02-03 03:31:54.123794",1158,1392
"state_pe_1501","state_pe_15","state_pe_1501","state_pe_150133",1714,173,"San Juan De Miraflores","150133",1,"2022-02-03 03:31:54.123794",1,"2022-02-03 03:31:54.123794",1160,1544
"state_pe_1501","state_pe_15","state_pe_1501","state_pe_150103",1715,173,"Ate","150103",1,"2022-02-03 03:31:54.123794",1,"2022-02-03 03:31:54.123794",1160,1544
"state_pe_1208","state_pe_12","state_pe_1208","state_pe_120801",1716,173,"Yauli","120801",1,"2022-02-03 03:31:54.123794",1,"2022-02-03 03:31:54.123794",1157,1506
"state_pe_1504","state_pe_15","state_pe_1504","state_pe_150401",1717,173,"Canta","150401",1,"2022-02-03 03:31:54.123794",1,"2022-02-03 03:31:54.123794",1160,1545
"state_pe_1102","state_pe_11","state_pe_1102","state_pe_110201",1718,173,"Chincha","110201",1,"2022-02-03 03:31:54.123794",1,"2022-02-03 03:31:54.123794",1156,1505
"state_pe_0402","state_pe_04","state_pe_0402","state_pe_040201",1719,173,"Camana","040201",1,"2022-02-03 03:31:54.123794",1,"2022-02-03 03:31:54.123794",1149,1537
"state_pe_1402","state_pe_14","state_pe_1402","state_pe_140201",1720,173,"Ferreñafe","140201",1,"2022-02-03 03:31:54.123794",1,"2022-02-03 03:31:54.123794",1159,1504
"state_pe_1209","state_pe_12","state_pe_1209","state_pe_120901",1721,173,"Chupaca","120901",1,"2022-02-03 03:31:54.123794",1,"2022-02-03 03:31:54.123794",1157,1453
"state_pe_1501","state_pe_15","state_pe_1501","state_pe_150105",1722,173,"Breña","150105",1,"2022-02-03 03:31:54.123794",1,"2022-02-03 03:31:54.123794",1160,1544
"state_pe_2005","state_pe_20","state_pe_2005","state_pe_200501",1723,173,"Paita","200501",1,"2022-02-03 03:31:54.123794",1,"2022-02-03 03:31:54.123794",1165,1389
"state_pe_2402","state_pe_24","state_pe_2402","state_pe_240201",1724,173,"Contralmirante Villar","240201",1,"2022-02-03 03:31:54.123794",1,"2022-02-03 03:31:54.123794",1169,1391
"state_pe_1009","state_pe_10","state_pe_1009","state_pe_100901",1725,173,"Puerto Inca","100901",1,"2022-02-03 03:31:54.123794",1,"2022-02-03 03:31:54.123794",1155,1444
"state_pe_0810","state_pe_08","state_pe_0810","state_pe_081001",1726,173,"Paruro","081001",1,"2022-02-03 03:31:54.123794",1,"2022-02-03 03:31:54.123794",1153,1523
"state_pe_1501","state_pe_15","state_pe_1501","state_pe_150129",1727,173,"San Bartolo","150129",1,"2022-02-03 03:31:54.123794",1,"2022-02-03 03:31:54.123794",1160,1544
"state_pe_1501","state_pe_15","state_pe_1501","state_pe_150125",1728,173,"Puente Piedra","150125",1,"2022-02-03 03:31:54.123794",1,"2022-02-03 03:31:54.123794",1160,1544
"state_pe_0807","state_pe_08","state_pe_0807","state_pe_080701",1729,173,"Chumbivilcas","080701",1,"2022-02-03 03:31:54.123794",1,"2022-02-03 03:31:54.123794",1153,1498
"state_pe_1603","state_pe_16","state_pe_1603","state_pe_160301",1730,173,"Loreto","160301",1,"2022-02-03 03:31:54.123794",1,"2022-02-03 03:31:54.123794",1161,1557
"state_pe_0210","state_pe_02","state_pe_0210","state_pe_021001",1731,173,"Huari","021001",1,"2022-02-03 03:31:54.123794",1,"2022-02-03 03:31:54.123794",1147,1497
"state_pe_2201","state_pe_22","state_pe_2201","state_pe_220101",1732,173,"Moyobamba","220101",1,"2022-02-03 03:31:54.123794",1,"2022-02-03 03:31:54.123794",1167,1495
"state_pe_2007","state_pe_20","state_pe_2007","state_pe_200701",1733,173,"Talara","200701",1,"2022-02-03 03:31:54.123794",1,"2022-02-03 03:31:54.123794",1165,1530
"state_pe_0902","state_pe_09","state_pe_0902","state_pe_090201",1734,173,"Acobamba","090201",1,"2022-02-03 03:31:54.123794",1,"2022-02-03 03:31:54.123794",1154,1456
"state_pe_1003","state_pe_10","state_pe_1003","state_pe_100301",1735,173,"Dos De Mayo","100301",1,"2022-02-03 03:31:54.123794",1,"2022-02-03 03:31:54.123794",1155,1483
"state_pe_0212","state_pe_02","state_pe_0212","state_pe_021201",1736,173,"Huaylas","021201",1,"2022-02-03 03:31:54.123794",1,"2022-02-03 03:31:54.123794",1147,1548
"state_pe_0701","state_pe_07","state_pe_0701","state_pe_070104",1737,173,"La Perla","070104",1,"2022-02-03 03:31:54.123794",1,"2022-02-03 03:31:54.123794",1152,1500
"state_pe_1204","state_pe_12","state_pe_1204","state_pe_120401",1738,173,"Jauja","120401",1,"2022-02-03 03:31:54.123794",1,"2022-02-03 03:31:54.123794",1157,1415
"state_pe_0904","state_pe_09","state_pe_0904","state_pe_090401",1739,173,"Castrovirreyna","090401",1,"2022-02-03 03:31:54.123794",1,"2022-02-03 03:31:54.123794",1154,1510
"state_pe_0812","state_pe_08","state_pe_0812","state_pe_081201",1740,173,"Quispicanchi","081201",1,"2022-02-03 03:31:54.123794",1,"2022-02-03 03:31:54.123794",1153,1570
"state_pe_0401","state_pe_04","state_pe_0401","state_pe_040101",1741,173,"Arequipa","040101",1,"2022-02-03 03:31:54.123794",1,"2022-02-03 03:31:54.123794",1149,1445
"state_pe_1503","state_pe_15","state_pe_1503","state_pe_150301",1742,173,"Cajatambo","150301",1,"2022-02-03 03:31:54.123794",1,"2022-02-03 03:31:54.123794",1160,1400
"state_pe_0403","state_pe_04","state_pe_0403","state_pe_040301",1743,173,"Caraveli","040301",1,"2022-02-03 03:31:54.123794",1,"2022-02-03 03:31:54.123794",1149,1509
"state_pe_0509","state_pe_05","state_pe_0509","state_pe_050901",1744,173,"Sucre","050901",1,"2022-02-03 03:31:54.123794",1,"2022-02-03 03:31:54.123794",1150,1433
"state_pe_1702","state_pe_17","state_pe_1702","state_pe_170201",1745,173,"Manu","170201",1,"2022-02-03 03:31:54.123794",1,"2022-02-03 03:31:54.123794",1162,1421
"state_pe_2501","state_pe_25","state_pe_2501","state_pe_250101",1746,173,"Coronel Portillo","250101",1,"2022-02-03 03:31:54.123794",1,"2022-02-03 03:31:54.123794",1170,1549
"state_pe_1501","state_pe_15","state_pe_1501","state_pe_150121",1747,173,"Pueblo Libre (Magdalena Vieja)","150121",1,"2022-02-03 03:31:54.123794",1,"2022-02-03 03:31:54.123794",1160,1544
"state_pe_1005","state_pe_10","state_pe_1005","state_pe_100501",1748,173,"Huamalies","100501",1,"2022-02-03 03:31:54.123794",1,"2022-02-03 03:31:54.123794",1155,1418
"state_pe_0906","state_pe_09","state_pe_0906","state_pe_090601",1749,173,"Huaytara","090601",1,"2022-02-03 03:31:54.123794",1,"2022-02-03 03:31:54.123794",1154,1543
"state_pe_0220","state_pe_02","state_pe_0220","state_pe_022001",1750,173,"Yungay","022001",1,"2022-02-03 03:31:54.123794",1,"2022-02-03 03:31:54.123794",1147,1508
"state_pe_1901","state_pe_19","state_pe_1901","state_pe_190101",1751,173,"Pasco","190101",1,"2022-02-03 03:31:54.123794",1,"2022-02-03 03:31:54.123794",1164,1428
"state_pe_0216","state_pe_02","state_pe_0216","state_pe_021601",1752,173,"Pomabamba","021601",1,"2022-02-03 03:31:54.123794",1,"2022-02-03 03:31:54.123794",1147,1410
"state_pe_1606","state_pe_16","state_pe_1606","state_pe_160601",1753,173,"Ucayali","160601",1,"2022-02-03 03:31:54.123794",1,"2022-02-03 03:31:54.123794",1161,1435
"state_pe_1205","state_pe_12","state_pe_1205","state_pe_120501",1754,173,"Junin","120501",1,"2022-02-03 03:31:54.123794",1,"2022-02-03 03:31:54.123794",1157,1479
"state_pe_2001","state_pe_20","state_pe_2001","state_pe_200101",1755,173,"Piura","200101",1,"2022-02-03 03:31:54.123794",1,"2022-02-03 03:31:54.123794",1165,1568
"state_pe_0103","state_pe_01","state_pe_0103","state_pe_010301",1756,173,"Bongara","010301",1,"2022-02-03 03:31:54.123794",1,"2022-02-03 03:31:54.123794",1146,1401
"state_pe_0303","state_pe_03","state_pe_0303","state_pe_030301",1757,173,"Antabamba","030301",1,"2022-02-03 03:31:54.123794",1,"2022-02-03 03:31:54.123794",1148,1513
"state_pe_1803","state_pe_18","state_pe_1803","state_pe_180301",1758,173,"Ilo","180301",1,"2022-02-03 03:31:54.123794",1,"2022-02-03 03:31:54.123794",1163,1561
"state_pe_1501","state_pe_15","state_pe_1501","state_pe_150128",1759,173,"Rimac","150128",1,"2022-02-03 03:31:54.123794",1,"2022-02-03 03:31:54.123794",1160,1544
"state_pe_1501","state_pe_15","state_pe_1501","state_pe_150140",1760,173,"Santiago De Surco","150140",1,"2022-02-03 03:31:54.123794",1,"2022-02-03 03:31:54.123794",1160,1544
"state_pe_1508","state_pe_15","state_pe_1508","state_pe_150801",1761,173,"Huaura","150801",1,"2022-02-03 03:31:54.123794",1,"2022-02-03 03:31:54.123794",1160,1398
"state_pe_1704","state_pe_17","state_pe_1704","state_pe_170401",1762,173,"Pto. Maldonado","170401",1,"2022-02-03 03:31:54.123794",1,"2022-02-03 03:31:54.123794",1162,1412
"state_pe_2101","state_pe_21","state_pe_2101","state_pe_210101",1763,173,"Puno","210101",1,"2022-02-03 03:31:54.123794",1,"2022-02-03 03:31:54.123794",1166,1574
"state_pe_1501","state_pe_15","state_pe_1501","state_pe_150126",1764,173,"Punta Hermosa","150126",1,"2022-02-03 03:31:54.123794",1,"2022-02-03 03:31:54.123794",1160,1544
"state_pe_0205","state_pe_02","state_pe_0205","state_pe_020501",1765,173,"Bolognesi","020501",1,"2022-02-03 03:31:54.123794",1,"2022-02-03 03:31:54.123794",1147,1560
"state_pe_1501","state_pe_15","state_pe_1501","state_pe_150134",1766,173,"San Luis","150134",1,"2022-02-03 03:31:54.123794",1,"2022-02-03 03:31:54.123794",1160,1544
"state_pe_0506","state_pe_05","state_pe_0506","state_pe_050601",1767,173,"Lucanas","050601",1,"2022-02-03 03:31:54.123794",1,"2022-02-03 03:31:54.123794",1150,1425
"state_pe_1802","state_pe_18","state_pe_1802","state_pe_180201",1768,173,"General Sanchez Cerro","180201",1,"2022-02-03 03:31:54.123794",1,"2022-02-03 03:31:54.123794",1163,1534
"state_pe_0406","state_pe_04","state_pe_0406","state_pe_040601",1769,173,"Condesuyos","040601",1,"2022-02-03 03:31:54.123794",1,"2022-02-03 03:31:54.123794",1149,1580
"state_pe_2210","state_pe_22","state_pe_2210","state_pe_221001",1770,173,"Tocache","221001",1,"2022-02-03 03:31:54.123794",1,"2022-02-03 03:31:54.123794",1167,1516
"state_pe_1501","state_pe_15","state_pe_1501","state_pe_150113",1771,173,"Jesus Maria","150113",1,"2022-02-03 03:31:54.123794",1,"2022-02-03 03:31:54.123794",1160,1544
"state_pe_1604","state_pe_16","state_pe_1604","state_pe_160401",1772,173,"Mariscal Ramon Castilla","160401",1,"2022-02-03 03:31:54.123794",1,"2022-02-03 03:31:54.123794",1161,1552
"state_pe_1501","state_pe_15","state_pe_1501","state_pe_150132",1773,173,"San Juan De Lurigancho","150132",1,"2022-02-03 03:31:54.123794",1,"2022-02-03 03:31:54.123794",1160,1544
"state_pe_1501","state_pe_15","state_pe_1501","state_pe_150131",1774,173,"San Isidro","150131",1,"2022-02-03 03:31:54.123794",1,"2022-02-03 03:31:54.123794",1160,1544
"state_pe_0211","state_pe_02","state_pe_0211","state_pe_021101",1775,173,"Huarmey","021101",1,"2022-02-03 03:31:54.123794",1,"2022-02-03 03:31:54.123794",1147,1547
"state_pe_0811","state_pe_08","state_pe_0811","state_pe_081101",1776,173,"Paucartambo","081101",1,"2022-02-03 03:31:54.123794",1,"2022-02-03 03:31:54.123794",1153,1564
"state_pe_0611","state_pe_06","state_pe_0611","state_pe_061101",1777,173,"San Miguel","061101",1,"2022-02-03 03:31:54.123794",1,"2022-02-03 03:31:54.123794",1151,1503
"state_pe_1703","state_pe_17","state_pe_1703","state_pe_170301",1778,173,"Tahuamanu","170301",1,"2022-02-03 03:31:54.123794",1,"2022-02-03 03:31:54.123794",1162,1403
"state_pe_1501","state_pe_15","state_pe_1501","state_pe_150112",1779,173,"Independencia","150112",1,"2022-02-03 03:31:54.123794",1,"2022-02-03 03:31:54.123794",1160,1544
"state_pe_0813","state_pe_08","state_pe_0813","state_pe_081301",1780,173,"Urubamba","081301",1,"2022-02-03 03:31:54.123794",1,"2022-02-03 03:31:54.123794",1153,1468
"state_pe_1312","state_pe_13","state_pe_1312","state_pe_131201",1781,173,"Viru","131201",1,"2022-02-03 03:31:54.123794",1,"2022-02-03 03:31:54.123794",1158,1477
"state_pe_2004","state_pe_20","state_pe_2004","state_pe_200401",1782,173,"Morropon","200401",1,"2022-02-03 03:31:54.123794",1,"2022-02-03 03:31:54.123794",1165,1440
"state_pe_0219","state_pe_02","state_pe_0219","state_pe_021901",1783,173,"Sihuas","021901",1,"2022-02-03 03:31:54.123794",1,"2022-02-03 03:31:54.123794",1147,1551
"state_pe_1505","state_pe_15","state_pe_1505","state_pe_150501",1784,173,"Cañete","150501",1,"2022-02-03 03:31:54.123794",1,"2022-02-03 03:31:54.123794",1160,1390
"state_pe_2107","state_pe_21","state_pe_2107","state_pe_210701",1785,173,"Lampa","210701",1,"2022-02-03 03:31:54.123794",1,"2022-02-03 03:31:54.123794",1166,1575
"state_pe_2108","state_pe_21","state_pe_2108","state_pe_210801",1786,173,"Melgar","210801",1,"2022-02-03 03:31:54.123794",1,"2022-02-03 03:31:54.123794",1166,1461
"state_pe_1501","state_pe_15","state_pe_1501","state_pe_150102",1787,173,"Ancon","150102",1,"2022-02-03 03:31:54.123794",1,"2022-02-03 03:31:54.123794",1160,1544
"state_pe_0610","state_pe_06","state_pe_0610","state_pe_061001",1788,173,"San Marcos","061001",1,"2022-02-03 03:31:54.123794",1,"2022-02-03 03:31:54.123794",1151,1413
"state_pe_1501","state_pe_15","state_pe_1501","state_pe_150111",1789,173,"El Agustino","150111",1,"2022-02-03 03:31:54.123794",1,"2022-02-03 03:31:54.123794",1160,1544
"state_pe_1305","state_pe_13","state_pe_1305","state_pe_130501",1790,173,"Julcan","130501",1,"2022-02-03 03:31:54.123794",1,"2022-02-03 03:31:54.123794",1158,1512
"state_pe_2207","state_pe_22","state_pe_2207","state_pe_220701",1791,173,"Picota","220701",1,"2022-02-03 03:31:54.123794",1,"2022-02-03 03:31:54.123794",1167,1487
"state_pe_2502","state_pe_25","state_pe_2502","state_pe_250201",1792,173,"Atalaya","250201",1,"2022-02-03 03:31:54.123794",1,"2022-02-03 03:31:54.123794",1170,1449
"state_pe_1502","state_pe_15","state_pe_1502","state_pe_150201",1793,173,"Barranca","150201",1,"2022-02-03 03:31:54.123794",1,"2022-02-03 03:31:54.123794",1160,1436
"state_pe_0105","state_pe_01","state_pe_0105","state_pe_010501",1794,173,"Luya","010501",1,"2022-02-03 03:31:54.123794",1,"2022-02-03 03:31:54.123794",1146,1501
"state_pe_0803","state_pe_08","state_pe_0803","state_pe_080301",1795,173,"Anta","080301",1,"2022-02-03 03:31:54.123794",1,"2022-02-03 03:31:54.123794",1153,1404
"state_pe_1501","state_pe_15","state_pe_1501","state_pe_150118",1796,173,"Lurigancho-Chosica","150118",1,"2022-02-03 03:31:54.123794",1,"2022-02-03 03:31:54.123794",1160,1544
"state_pe_1801","state_pe_18","state_pe_1801","state_pe_180101",1797,173,"Mariscal Nieto","180101",1,"2022-02-03 03:31:54.123794",1,"2022-02-03 03:31:54.123794",1163,1393
"state_pe_1008","state_pe_10","state_pe_1008","state_pe_100801",1798,173,"Pachitea","100801",1,"2022-02-03 03:31:54.123794",1,"2022-02-03 03:31:54.123794",1155,1533
"state_pe_0405","state_pe_04","state_pe_0405","state_pe_040501",1799,173,"Caylloma","040501",1,"2022-02-03 03:31:54.123794",1,"2022-02-03 03:31:54.123794",1149,1386
"state_pe_2206","state_pe_22","state_pe_2206","state_pe_220601",1800,173,"Mariscal Caceres","220601",1,"2022-02-03 03:31:54.123794",1,"2022-02-03 03:31:54.123794",1167,1411
"state_pe_1501","state_pe_15","state_pe_1501","state_pe_150114",1801,173,"La Molina","150114",1,"2022-02-03 03:31:54.123794",1,"2022-02-03 03:31:54.123794",1160,1544
"state_pe_1403","state_pe_14","state_pe_1403","state_pe_140301",1802,173,"Lambayeque","140301",1,"2022-02-03 03:31:54.123794",1,"2022-02-03 03:31:54.123794",1159,1553
"state_pe_0215","state_pe_02","state_pe_0215","state_pe_021501",1803,173,"Pallasca","021501",1,"2022-02-03 03:31:54.123794",1,"2022-02-03 03:31:54.123794",1147,1388
"state_pe_0609","state_pe_06","state_pe_0609","state_pe_060901",1804,173,"San Ignacio","060901",1,"2022-02-03 03:31:54.123794",1,"2022-02-03 03:31:54.123794",1151,1470
"state_pe_0305","state_pe_03","state_pe_0305","state_pe_030501",1805,173,"Cotabambas","030501",1,"2022-02-03 03:31:54.123794",1,"2022-02-03 03:31:54.123794",1148,1542
"state_pe_0701","state_pe_07","state_pe_0701","state_pe_070101",1806,173,"Callao","070101",1,"2022-02-03 03:31:54.123794",1,"2022-02-03 03:31:54.123794",1152,1500
"state_pe_1308","state_pe_13","state_pe_1308","state_pe_130801",1807,173,"Pataz","130801",1,"2022-02-03 03:31:54.123794",1,"2022-02-03 03:31:54.123794",1158,1486
"state_pe_0503","state_pe_05","state_pe_0503","state_pe_050301",1808,173,"Huanca Sancos","050301",1,"2022-02-03 03:31:54.123794",1,"2022-02-03 03:31:54.123794",1150,1538
"state_pe_2503","state_pe_25","state_pe_2503","state_pe_250301",1809,173,"Padre Abad","250301",1,"2022-02-03 03:31:54.123794",1,"2022-02-03 03:31:54.123794",1170,1472
"state_pe_1501","state_pe_15","state_pe_1501","state_pe_150101",1810,173,"Lima","150101",1,"2022-02-03 03:31:54.123794",1,"2022-02-03 03:31:54.123794",1160,1544
"state_pe_1202","state_pe_12","state_pe_1202","state_pe_120201",1811,173,"Concepcion","120201",1,"2022-02-03 03:31:54.123794",1,"2022-02-03 03:31:54.123794",1157,1457
"state_pe_1506","state_pe_15","state_pe_1506","state_pe_150601",1812,173,"Huaral","150601",1,"2022-02-03 03:31:54.123794",1,"2022-02-03 03:31:54.123794",1160,1546
"state_pe_0802","state_pe_08","state_pe_0802","state_pe_080201",1813,173,"Acomayo","080201",1,"2022-02-03 03:31:54.123794",1,"2022-02-03 03:31:54.123794",1153,1526
"state_pe_0806","state_pe_08","state_pe_0806","state_pe_080601",1814,173,"Canchis","080601",1,"2022-02-03 03:31:54.123794",1,"2022-02-03 03:31:54.123794",1153,1399
"state_pe_2301","state_pe_23","state_pe_2301","state_pe_230101",1815,173,"Tacna","230101",1,"2022-02-03 03:31:54.123794",1,"2022-02-03 03:31:54.123794",1168,1535
"state_pe_0104","state_pe_01","state_pe_0104","state_pe_010401",1816,173,"Condorcanqui","010401",1,"2022-02-03 03:31:54.123794",1,"2022-02-03 03:31:54.123794",1146,1499
"state_pe_0101","state_pe_01","state_pe_0101","state_pe_010101",1817,173,"Chachapoyas","010101",1,"2022-02-03 03:31:54.123794",1,"2022-02-03 03:31:54.123794",1146,1384
"state_pe_1105","state_pe_11","state_pe_1105","state_pe_110501",1818,173,"Pisco","110501",1,"2022-02-03 03:31:54.123794",1,"2022-02-03 03:31:54.123794",1156,1441
"state_pe_0808","state_pe_08","state_pe_0808","state_pe_080801",1819,173,"Espinar","080801",1,"2022-02-03 03:31:54.123794",1,"2022-02-03 03:31:54.123794",1153,1438
"state_pe_0214","state_pe_02","state_pe_0214","state_pe_021401",1820,173,"Ocros","021401",1,"2022-02-03 03:31:54.123794",1,"2022-02-03 03:31:54.123794",1147,1478
"state_pe_1501","state_pe_15","state_pe_1501","state_pe_150117",1821,173,"Los Olivos","150117",1,"2022-02-03 03:31:54.123794",1,"2022-02-03 03:31:54.123794",1160,1544
"state_pe_0501","state_pe_05","state_pe_0501","state_pe_050101",1822,173,"Huamanga","050101",1,"2022-02-03 03:31:54.123794",1,"2022-02-03 03:31:54.123794",1150,1531
"state_pe_0213","state_pe_02","state_pe_0213","state_pe_021301",1823,173,"Mariscal Luzuriaga","021301",1,"2022-02-03 03:31:54.123794",1,"2022-02-03 03:31:54.123794",1147,1474
"state_pe_0607","state_pe_06","state_pe_0607","state_pe_060701",1824,173,"Hualgayoc","060701",1,"2022-02-03 03:31:54.123794",1,"2022-02-03 03:31:54.123794",1151,1572
"state_pe_1007","state_pe_10","state_pe_1007","state_pe_100701",1825,173,"Marañon","100701",1,"2022-02-03 03:31:54.123794",1,"2022-02-03 03:31:54.123794",1155,1454
